{
  "2": 1147.2052001953125,
  "1": 853.0842895507812
}